{
	"partitions" : [
		{
			"name" : "Top",
			"pins" : [
				{
					"name" : "HEX3_A",
					"strict" : false
				},
				{
					"name" : "HEX3_B",
					"strict" : false
				},
				{
					"name" : "HEX3_C",
					"strict" : false
				},
				{
					"name" : "HEX3_D",
					"strict" : false
				},
				{
					"name" : "HEX3_E",
					"strict" : false
				},
				{
					"name" : "HEX3_F",
					"strict" : false
				},
				{
					"name" : "HEX3_G",
					"strict" : false
				},
				{
					"name" : "HEX2_A",
					"strict" : false
				},
				{
					"name" : "HEX2_B",
					"strict" : false
				},
				{
					"name" : "HEX2_C",
					"strict" : false
				},
				{
					"name" : "HEX2_D",
					"strict" : false
				},
				{
					"name" : "HEX2_E",
					"strict" : false
				},
				{
					"name" : "HEX2_F",
					"strict" : false
				},
				{
					"name" : "HEX2_G",
					"strict" : false
				},
				{
					"name" : "HEX1_A",
					"strict" : false
				},
				{
					"name" : "HEX1_B",
					"strict" : false
				},
				{
					"name" : "HEX1_C",
					"strict" : false
				},
				{
					"name" : "HEX1_D",
					"strict" : false
				},
				{
					"name" : "HEX1_E",
					"strict" : false
				},
				{
					"name" : "HEX1_F",
					"strict" : false
				},
				{
					"name" : "HEX1_G",
					"strict" : false
				},
				{
					"name" : "HEX0_A",
					"strict" : false
				},
				{
					"name" : "HEX0_B",
					"strict" : false
				},
				{
					"name" : "HEX0_C",
					"strict" : false
				},
				{
					"name" : "HEX0_D",
					"strict" : false
				},
				{
					"name" : "HEX0_E",
					"strict" : false
				},
				{
					"name" : "HEX0_F",
					"strict" : false
				},
				{
					"name" : "HEX0_G",
					"strict" : false
				},
				{
					"name" : "ERR_OVFL",
					"strict" : false
				},
				{
					"name" : "ERR_UNFL",
					"strict" : false
				},
				{
					"name" : "MODE[1]",
					"strict" : false
				},
				{
					"name" : "MODE[0]",
					"strict" : false
				},
				{
					"name" : "DAT_IN[0]",
					"strict" : false
				},
				{
					"name" : "CLK",
					"strict" : false
				},
				{
					"name" : "RST_N",
					"strict" : false
				},
				{
					"name" : "EX_N",
					"strict" : false
				},
				{
					"name" : "DAT_IN[1]",
					"strict" : false
				},
				{
					"name" : "DAT_IN[2]",
					"strict" : false
				},
				{
					"name" : "DAT_IN[3]",
					"strict" : false
				}
			]
		}
	]
}